순환기,실신,혈관미주신경성,
,,기립성저혈압,
,무해성 심잡음,생리적폐동맥분지협착,
,,스틸잡음,
,,정맥잡음,
,부정맥,Sinus,Sick sinus syndrome
,,Premature beat,Atrial/Ventricular
,,Atrial,Flutter/Fibrillation
,,AV block,"1도, 2도 (I, II), 3도"
,,PSVT,PSVT (+WPW)
,,WPW,WPW only
,,,WPW + AF
,,Ventricular,Tachycardia (non-sus)
,,,Tachycardia (sus mono)
,,,Flutter/Fibrillation
,(기타),Digitalis,
,(급사증후군),브루가다 증후군,
,,Long QT syndrome,
,,à TdP,
,심부전,급성,
,,만성 (HFrEF),
,,만성 (HEpEF),
,판막질환,승모판막협착 (MS),
,,승모판막역류 (MR),
,,대동맥판막협착 (AS),
,,대동맥판막역류 (AR),
,,폐동맥판막협착 (PS),
,,삼첨판막역류 (TR),
,,* 승모판막일탈증 (MVP),
,심근질환,확장성 (DCMP),
,,비후성 (HCMP),
,,제한성 (RCMP),
,,심근염,
,심막질환,급성 심막염,
,,심장 눌림증,
,,교착 심막염,
,심내막염,감염 심내막염 (IE),
,허혈성 심질환,안정협심증 (SA),
,,불안정협심증 (UA),
,,NSTEMI,
,,STEMI,
,,RV infarct,
,,변이협심증 (VA),
,대동맥 질환,대동맥박리,
,,복부대동맥류,
,,가성동맥류,
,혈관질환,급성 동맥 폐색,
,,동맥경화성 만성 동맥 폐색,
,,폐쇄혈관혈전염 (버거씨),
,,대동맥-엉덩동맥 폐색,
,,Takayasu’s arteritis,
,,DVT,
,,Varicose vein,
,고혈압,고혈압,
호흡기,기침,급성 (<3주),
,,아급성 (3주~8주),
,,만성 (>8주),
,천식,천식,
,,* 급성 악화 ,
,,아스피린 과민성 천식,
,,운동 유발 ,
,,직업성 천식,
,COPD,COPD,
,,* 급성악화 ,
,폐렴,Typical pneumonia,
,,* Klebsilla pneumonia,
,,Atypical pneumonia,
,,* mycoplasma pneumonia,
,,* pneumocystis pneumonia,
,폐농양,폐농양,
,기관지 확장증,기관지 확장증,
,폐결핵,폐결핵,
,,잠복결핵 (성인),
,,잠복결핵 (소아),
,,좁쌀결핵,
,,기관지결핵 ,
,,진균종,
,ILD,공통,
,,IPF,
,,"NSIP, COP",
,,Sarcoidosis,
,ILD – 직업성,석면폐증,
,,규폐증,
,과민성 폐장염,과민성 폐장염,
,호산구 폐렴,호산구 폐렴,
,,ABPA,
,,폐흡중증,
,,척-스트라우스,
,폐종양,SPN,
,,폐암 ,
,,* 선암,
,,* 편평상피암,
,,* 소세포암,
,폐혈관,폐색전증,
,,폐고혈압,
,기흉,원발성 기흉,
,,이차성 기흉,
,,긴장성 기흉,
,흉수,부폐렴성,
,,결핵성,
,,악성 흉수,
,,암중가슴증,
,종격동,종격동 종괴,
,,세로칸 기종,
,,세로칸염,
,환기장애,Hyperventilation,
,,Hypoventilation ,
,,ARDS,
소화기 (위장관),삼킴곤란,구인도 삼킴곤란,
,,식도 삼킴곤란,
,배변이상,설사,
,,변비,
,흡수장애,지방변 ,
,,짧은창자증후군,
,,세균 과다증식 증후군,
,위장관 출혈,상부 위장관,
,,하부 위장관,
,식도,식도 협착,
,,식도 이완불능증,
,,미만성 식도연축,
,,GERD,
,,칸디다 식도염,
,,부식 식도염,
,,열공탈장,
,,Zenker 게실,
,,MW-syndrome,
,,Boerhaave syndrome,
,,식도암,
,H.pylori,감염 ,
,* PUD,위궤양,
,,십이지장 궤양,
,,* 출혈,
,,* 천공,
,,* 협착,
,,가스트린종,
,위,위용종 ,
,,위암,
,,위징관 기질종양,
,* 위 절제 부작용,들창자증후군,
,,날창자증후군,
,,알칼리역류증후군,
,,빠른비움증후군,
,,지연 위배출 ,
,하부위장관,IBS,
,* IBD,UC,
,,CD,
,,장결핵,
,,Appendicitis,
,,방사선 창자염,
,* 게실,게실,
,,게실염,
,,게실 출혈,
,* 위장관 혈관,급성 장간막 허혈,
,,허혈성 대장염,
,,만성 장간막 허혈,
,,혈관형성이상,
,,SMA syndrome,
,* 장폐색,소장 폐쇄,
,,대장 폐쇄,
,,구불창자 꼬임,
,* 암,소장암,
,,대장 용종,
,,FAP,
,,HNPCC,
,,결장직장암,
,직장 및 항문,내치핵,
,,외치핵,
,,치열,
,,항문직장농양,
,,치루,
,,항문암,
,,직장탈출증,
소화기 (간담췌),,고빌리루빈증,길버트증후군
,,,크리거 나자 증후군
,,구리,윌슨병
,간 ,간염,HAV (acute)
,,,HBV (acute)
,,,HBV (chronic)
,,,HCV (chronic)
,,,HCV
,,,HDV
,,,독성 간염
,,,자가면역 간염
,,,전격성 간염
,,농양,간 농양
,,,간 농양 (amoebic)
,,지방간,비알코올성 지방간
,,,비알코올성 지방간염
,,,알코올성 간질환
,,간경화,간경변증
,,,* 복수 (간경변)
,,,* 복수 (결핵)
,,,* 복수 (암)
,,,* 자발성 세균 복막염
,,,* 식도 정맥류
,,,* 위 정맥류
,,,* 간성 뇌증 
,,,* 간신증후군
,,,원발성 담증성 간경화 (PBC)
,,,원발성 경화성 담관염 (PSC)
,,간암,간세포선종
,,,간혈관종
,,,국소 결절 과형성
,,,간세포암
,담,담낭,쓸개돌
,,,급성 쓸개염
,,,만성 쓸개염
,,,쓸개 용종형 양성종양
,,,담낭암
,,담도,쓸개관낭종
,,,쓸개관돌
,,,쓸개관염
,,,담관암 
,,* 담낭절제술,Biliary leak
,췌,췌장염,급성 췌장염
,,,* 췌장 가성낭종
,,,* 구역성 췌장괴사
,,,* 감염성 췌장괴사
,,,만성 췌장염
,,암,췌장암
,,,팽대부주위암
,,,췌장 낭성 종양
,,,IPMN
내분비,뇌하수체,뇌하수체샘종 ,
,,* 고프로락틴혈증,
,,* 프로락틴분비종양,
,,* 말단비대증,
,,뇌하수체기능저하증,
,,요붕증,
,,* 일차 다음증,
,,* 중추성 요붕증,
,,* 콩팥기원 요붕증,
,,SIADH,
,갑상샘,갑상샘기능항진증 ,
,,* Graves’ disease,
,,* 독성주기마비,
,,* 아급성 갑상샘염,
,,* 무통성.산후 갑상샘염 ,
,,* Sick euthyroid syndrome,
,,갑상샘기능저하증,
,,* Hashimoto’s ,
,,* Subclinical hypothyroidism,
,,갑상샘 결절,
,,갑상샘암,
,,* 유두암,
,,* 여포암,
,,* 속질암,
,,* 이형성암,
,부신(피질),쿠싱증후군,
,,* 의인성 쿠싱증후군,
,,* 쿠싱병,
,,* 딴곳부신겉질자극호르몬증후군,
,,* 부신 종양,
,,부신기능저하증,
,,"* Primary (파괴, Tb)",
,,* Secondary (steroid 중단),
,,알도스테론증,
,,* Primary ,
,,* Secondary ,
,,부신우연종,
,부신(수질),크롬친화세포종,
,당,당뇨,
,,* Somogyi phenomenon,
,,* Dawn phenomenon,
,,* DKA,
,,* HHS,
,,* DM retinopathy,
,,* DM nephropathy,
,,* DM neuropathy,
,,저혈당,
,지질,이상지질혈증,
,,* 가족성고콜레스테롤혈증,
,칼슘,Hyper Ca,
,,* 부갑상샘항진증,
,,Hypo Ca,
,,* 부갑상샘저하증,
,,골다공증,
,기타,포르피리아,
신장,전해질 이상,Hyper Na (145),
,,Hypo Na (135),
,,Hyper K (5.5),
,,Hypo K (3.5),
,산염기 질환,산증,
,,알칼리증,
,세관기능장애,RTA 1,
,,RTA 2,
,,RTA 4,
,,Liddle,
,,Batter,
,,Gittelman,
,혈뇨,횡문근융해증,
,단백뇨,기립성 단백뇨,
,,특발성 부종,
,신기능 이상,AKI,
,,Pre,
,,Renal,
,,Post ,
,,CKD,
,사구체질환,# 신증후군,
,,미세변화병 ,
,,막성사구체신염 ,
,,국소토리굳음증 ,
,,막증식토리콩팥염,
,,루푸스 콩팥염,
,,IgAN,
,,PSGN,
,,알포트증후군,
,,얕은토리바닥막병,
,,급속진행토리콩팥염,
,세관사이질 질환,세관사이질콩팥염,
,,알레르기성 ,
,신혈관 질환,신혈관성 고혈압,
,,신동맥 혈전색전증,
,,신정맥 혈전증,
,,호두까기 증후군,
,세관기능장애,다낭성 신질환,
,요로질환,요로결석,
,,요로폐색,
,* 요로감염,무증상 세균뇨,
,,급성방광염,
,,급성신우신염,
,,* 기종성신우신염,
,,* 콩팥 농양,
알레르기내과,Type I,아나필락시스,
,,* 음식의존 운동유발 AP,
,,* anaphylactoid reaction,
,,두드러기,
,,* 피부묘기증,
,,* 압박두드러기,
,,* 콜린두드러기,
,,* 한랭두드러기,
,,혈관부종 (유전성),
,,혈관부종 (후천성),
,,알레르기 비염,
,,음식 알레르기,
,,약물 알레르기,
,Type II,"용혈성 빈혈, Graves",
,Type III,혈청병,
,,"PSGN, SLE, 혈관염",
,Type IV,"접촉 피부염, SJS/TEN, DRESS",
류마티스,루푸스,,
,항인지질증후군,,
,경피증,,
,염증성근병증,,
,쇼그렌 증후군,,
,베체트병,,
,강직성척추염,,
,반응성관절염,,
,류마티스관절염,,
,골관절염,,
,통풍,,
,감염관절염,,
,기쿠치병,,
감염내과,발열,불명열,
,지역사회,설사 (비염증성),
,,설사 (염증성),
,,* 비장티푸스 살,
,,* 이질 ,
,,* 콜레라 ,
,,* 캄필로박터,
,원내감염,거짓막결장염,
,,면역저하자,
,,도관 감염,
,G(+),포도알균,
,,근골격계,
,,단독,
,,연조직염,
,,괴사성 근막염,
,,(푸르니에 괴저),
,,가스괴저,
,,파상풍,
,,사슬알균인두염,
,,리스테리아,
,G(-),대장균,
,,녹농균,
,,호중구감소증,
,,장티푸스,
,,괴저병,
,,레지오넬라,
,,임균감염,
,,수막알균,
,,브루셀라증,
,,묘소병,
감염내과,기타,혐기성균,
,,방선균증,
,,한센병 ,
,,노카르디아증,
,,골수염,
,,매독,
,,라임병,
,,재귀열 ,
,,렙토스피라증,
,,리케차 병,
,,쯔쯔가무시병,
,,큐열,
,,미코플라스마,
,바이러스,신증후 출혈열,
,,SFTS,
,,뎅기열,
,,지카바이러스 ,
,,치쿤구니아열,
,,MERS,
,,아데노바이러스,
,,인플루엔자,
,,AIDS,
,,EBV,
,,CMV,
,,단순포진감염,
,,수두-대상포진,
,,공수병 ,
,,감기,
,,COVID-19 ,
,진균,폐포자충폐렴,
,,아스퍼질러스증,
,,털곰팡이증,
,,칸디다증,
,,크립토코쿠스증,
,원생돌물,말라리아 ,
,,톡소플라즈마증,
,,아메바증 ,
,,아메바 장염,
,,자유아메바증,
,기생충,고래회충 유충증,
,,폐흡충증,
,,간흡추증,
,,요충증,
혈액내과,적혈구,절결핍빈혈,
,,만성질환빈혈,
,,지중해빈혈,
,,거대적혈모구빈혈,
,,* 악성 빈혈,
,,용혈성 빈혈,
,, (혈관 내),
,,   (혈관 외),
,,* 발작성 야간 혈색소뇨증,
,,* 자가면역 용혈성 빈혈,
,,* 유전 구혈적혈구증,
,,재생불량성 빈혈 (AA),
,,골수형성이상 증후군 (MDS),
,혈소판,특발성 혈소판감소성 자반증 (ITP),
,,헤파린 유발 혈소판감소증 (HIT),
,응고인자,혈우병,
,,vWD,
,,Vit K deficiency,
,혈관벽,미세혈관병성 용혈 빈혈 (MAHA),
,,혈전성 혈소판감소 자색반 (TTP),
,,용혈성 요독 증후군 (HUS),
,,파종혈관내응고 (DIC),
,백혈구,백혈병,
,,급성 백혈병,
,,급성 골수성 (AML),
,,* 급성 전골수성 (APL M3),
,,급성 림프모구성 (ALL),
,,만성 백혈병,
,,만성 골수성 (CML),
,,만성 림프모구성 (CLL),
,림프구,림프종 ,
,,호지킨 림프종,
,,비호지킨 림프종,
,,"* follicular, small lymphocytic",
,,* BLDL,
,,"* Burkitt’s, Lymphoblastic",
,기타,다발골수종 (MM),
,,진성 적혈구증가증 (p-vera),
,,본태성 혈소판증가증 (ET),
,,특발성 골수섬유증 (PMF),
종양내과,종양용해증후군,,
,상대정맥증후군,,
,부종양증후군,,
,척수압박증후군,,
